"rating","films_in_rating","rentals","revenue","pct_of_total_rentals","pct_of_total_revenue","revenue_per_film"
"PG-13","223","3585","13855.56","22.3392323030907278","22.5984325427762638","62.1325560538116592"
"NC-17","210","3297","12634.92","20.5446161515453639","20.6075674533093337","60.1662857142857143"
"PG","194","3212","12236.65","20.0149551345962114","19.9579886756336928","63.0755154639175258"
"R","195","3181","12073.03","19.8217846460618146","19.6911242881496032","61.9129743589743590"
"G","178","2773","10511.88","17.2794117647058824","17.1448870401311064","59.0555056179775281"
